id;contact_name;contact_telephone;contact_email;customers_id
1;Public-key copy;withdrawal Administrator;override hack scalable;1
2;Corporate Consultant;primary Re-contextualized;Franc;2
3;Facilitator;relationships;deposit up primary;3
4;engage Future Macio;input;1080p Calças;4
5;Mesa Macio extranet;bandwidth;Serra;5
6;Livros Barbada payment;for Phased;Buckinghamshire well-modulated;6
7;quantifying;Toalhas mobile;mobile;7
8;Mobility;e-tailers Rodovia Plástico;Refinado;8
9;Manager;Specialist Aço Division;enhance Avon Piauí;9
10;cross-platform digital;Incrível;vertical SSL Future;10
