id;attach_image;attach_image_content_type;attach_url;attach_description;attached_date;employees_id
1;../fake-data/blob/hipster.png;image/png;4th;users;2021-09-02T20:53:21;1
2;../fake-data/blob/hipster.png;image/png;cross-platform;bypassing collaborative;2021-09-02T11:36:27;2
3;../fake-data/blob/hipster.png;image/png;multimedia supply-chains Queijo;Visionary;2021-09-02T17:52:51;3
4;../fake-data/blob/hipster.png;image/png;Dynamic;Vatu;2021-09-02T09:15:24;4
5;../fake-data/blob/hipster.png;image/png;withdrawal;Reduced;2021-09-02T20:14:21;5
6;../fake-data/blob/hipster.png;image/png;systemic p√∫rpura;exploit Forward Chade;2021-09-02T07:07:37;6
7;../fake-data/blob/hipster.png;image/png;Account;castanho Jogos multi-byte;2021-09-03T04:14:36;7
8;../fake-data/blob/hipster.png;image/png;Congelado Open-architected utilize;Luvas;2021-09-03T02:06:29;8
9;../fake-data/blob/hipster.png;image/png;parsing;Alameda fresh-thinking;2021-09-02T17:57:21;9
10;../fake-data/blob/hipster.png;image/png;product Dobra;Fresco;2021-09-02T20:25:11;10
