id;vehicle_control_history_date;vehicle_control_history_description;vehicle_controls_id;employees_id
1;2021-09-02T20:39:06;Rodovia conglomeration quantify;1;1
2;2021-09-03T00:11:53;dot-com Licenciado;2;2
3;2021-09-02T05:44:36;Lead;3;3
4;2021-09-02T08:08:22;Personal deposit Account;4;4
5;2021-09-02T15:04:56;bluetooth Camiseta;5;5
6;2021-09-03T05:15:22;Factors transmit;6;6
7;2021-09-02T23:36:35;Borracha Factors;7;7
8;2021-09-02T13:01:02;Borracha 24/7;8;8
9;2021-09-02T13:12:10;Global;9;9
10;2021-09-02T13:08:12;neural Buckinghamshire;10;10
